{"data":[{"total":10000,"apArea":202.0864,"error":-0.005095296613937451,"execTime":"0s:6.7935ms"},{"total":10000,"apArea":200.0128,"error":0.005217943698417361,"execTime":"0s:2.9137ms"},{"total":10000,"apArea":201.6512,"error":-0.0029307893878876305,"execTime":"0s:3.302ms"},{"total":10000,"apArea":201.344,"error":-0.0014029019342054624,"execTime":"0s:2.0149ms"}]}