{"data":[{"total":10000,"apArea":201.088,"error":-0.0001296623894702984,"execTime":"0s:6.2049ms"},{"total":20000,"apArea":200.9728,"error":0.00044329540566046173,"execTime":"0s:4.8652ms"},{"total":30000,"apArea":200.32,"error":0.003690056244735193,"execTime":"0s:1.5542ms"},{"total":40000,"apArea":200.6208,"error":0.0021939997796713295,"execTime":"0s:2.48ms"}]}